From,To,NATMI_LR_ALL,HRL,HRH,Patient,NormHRL,NormHRH,N_cell_sending,Composition.x,N_cell_receiving,Composition.y
CAF,CAF,479,22,20,P01,0.04592901878914405,0.04175365344467641,35,0.085995085995086,35,0.085995085995086
CAF,DC,252,11,7,P01,0.04365079365079365,0.027777777777777776,35,0.085995085995086,15,0.036855036855036855
CAF,EMT,679,32,27,P01,0.047128129602356406,0.039764359351988215,35,0.085995085995086,299,0.7346437346437347
CAF,Endo,349,16,18,P01,0.045845272206303724,0.05157593123209169,35,0.085995085995086,13,0.03194103194103194
CAF,ETC,476,21,23,P01,0.04411764705882353,0.04831932773109244,35,0.085995085995086,38,0.09336609336609336
CAF,TAM,120,4,9,P01,0.03333333333333333,0.075,35,0.085995085995086,2,0.004914004914004914
CAF,TIL,165,10,4,P01,0.06060606060606061,0.024242424242424242,35,0.085995085995086,5,0.012285012285012284
DC,CAF,269,11,11,P01,0.040892193308550186,0.040892193308550186,15,0.036855036855036855,35,0.085995085995086
DC,DC,167,6,2,P01,0.03592814371257485,0.011976047904191617,15,0.036855036855036855,15,0.036855036855036855
DC,EMT,397,17,15,P01,0.042821158690176324,0.037783375314861464,15,0.036855036855036855,299,0.7346437346437347
DC,Endo,207,8,10,P01,0.03864734299516908,0.04830917874396135,15,0.036855036855036855,13,0.03194103194103194
DC,ETC,281,12,14,P01,0.042704626334519574,0.0498220640569395,15,0.036855036855036855,38,0.09336609336609336
DC,TAM,91,4,7,P01,0.04395604395604396,0.07692307692307693,15,0.036855036855036855,2,0.004914004914004914
DC,TIL,107,4,2,P01,0.037383177570093455,0.018691588785046728,15,0.036855036855036855,5,0.012285012285012284
EMT,CAF,633,27,26,P01,0.04265402843601896,0.04107424960505529,299,0.7346437346437347,35,0.085995085995086
EMT,DC,355,17,5,P01,0.04788732394366197,0.014084507042253521,299,0.7346437346437347,15,0.036855036855036855
EMT,EMT,953,38,43,P01,0.03987408184679958,0.04512067156348373,299,0.7346437346437347,299,0.7346437346437347
EMT,Endo,478,20,20,P01,0.04184100418410042,0.04184100418410042,299,0.7346437346437347,13,0.03194103194103194
EMT,ETC,660,27,30,P01,0.04090909090909091,0.045454545454545456,299,0.7346437346437347,38,0.09336609336609336
EMT,TAM,173,4,10,P01,0.023121387283236993,0.057803468208092484,299,0.7346437346437347,2,0.004914004914004914
EMT,TIL,230,12,8,P01,0.05217391304347826,0.034782608695652174,299,0.7346437346437347,5,0.012285012285012284
Endo,CAF,322,13,10,P01,0.040372670807453416,0.031055900621118012,13,0.03194103194103194,35,0.085995085995086
Endo,DC,172,8,2,P01,0.046511627906976744,0.011627906976744186,13,0.03194103194103194,15,0.036855036855036855
Endo,EMT,442,19,13,P01,0.042986425339366516,0.029411764705882353,13,0.03194103194103194,299,0.7346437346437347
Endo,Endo,254,10,9,P01,0.03937007874015748,0.03543307086614173,13,0.03194103194103194,13,0.03194103194103194
Endo,ETC,315,13,9,P01,0.04126984126984127,0.02857142857142857,13,0.03194103194103194,38,0.09336609336609336
Endo,TAM,90,2,6,P01,0.022222222222222223,0.06666666666666667,13,0.03194103194103194,2,0.004914004914004914
Endo,TIL,102,7,0,P01,0.06862745098039216,0,13,0.03194103194103194,5,0.012285012285012284
ETC,CAF,486,26,22,P01,0.053497942386831275,0.04526748971193416,38,0.09336609336609336,35,0.085995085995086
ETC,DC,279,16,6,P01,0.05734767025089606,0.021505376344086023,38,0.09336609336609336,15,0.036855036855036855
ETC,EMT,706,35,34,P01,0.049575070821529746,0.04815864022662889,38,0.09336609336609336,299,0.7346437346437347
ETC,Endo,363,19,21,P01,0.05234159779614325,0.05785123966942149,38,0.09336609336609336,13,0.03194103194103194
ETC,ETC,497,27,26,P01,0.05432595573440644,0.052313883299798795,38,0.09336609336609336,38,0.09336609336609336
ETC,TAM,135,4,8,P01,0.02962962962962963,0.05925925925925926,38,0.09336609336609336,2,0.004914004914004914
ETC,TIL,170,11,4,P01,0.06470588235294118,0.023529411764705882,38,0.09336609336609336,5,0.012285012285012284
TAM,CAF,158,8,5,P01,0.05063291139240506,0.03164556962025317,2,0.004914004914004914,35,0.085995085995086
TAM,DC,94,4,1,P01,0.0425531914893617,0.010638297872340425,2,0.004914004914004914,15,0.036855036855036855
TAM,EMT,218,11,7,P01,0.05045871559633028,0.03211009174311927,2,0.004914004914004914,299,0.7346437346437347
TAM,Endo,112,6,5,P01,0.05357142857142857,0.044642857142857144,2,0.004914004914004914,13,0.03194103194103194
TAM,ETC,140,7,6,P01,0.05,0.04285714285714286,2,0.004914004914004914,38,0.09336609336609336
TAM,TAM,73,3,5,P01,0.0410958904109589,0.0684931506849315,2,0.004914004914004914,2,0.004914004914004914
TAM,TIL,69,4,0,P01,0.057971014492753624,0,2,0.004914004914004914,5,0.012285012285012284
TIL,CAF,154,9,5,P01,0.05844155844155844,0.032467532467532464,5,0.012285012285012284,35,0.085995085995086
TIL,DC,108,5,1,P01,0.046296296296296294,0.009259259259259259,5,0.012285012285012284,15,0.036855036855036855
TIL,EMT,223,15,10,P01,0.06726457399103139,0.04484304932735426,5,0.012285012285012284,299,0.7346437346437347
TIL,Endo,113,6,4,P01,0.05309734513274336,0.035398230088495575,5,0.012285012285012284,13,0.03194103194103194
TIL,ETC,140,9,5,P01,0.06428571428571428,0.03571428571428571,5,0.012285012285012284,38,0.09336609336609336
TIL,TAM,58,2,3,P01,0.034482758620689655,0.05172413793103448,5,0.012285012285012284,2,0.004914004914004914
TIL,TIL,69,4,3,P01,0.057971014492753624,0.043478260869565216,5,0.012285012285012284,5,0.012285012285012284
CAF,CAF,86,5,4,P02,0.05813953488372093,0.046511627906976744,4,0.027972027972027972,4,0.027972027972027972
CAF,DC,143,9,6,P02,0.06293706293706294,0.04195804195804196,4,0.027972027972027972,9,0.06293706293706294
CAF,EMT,5,0,0,P02,0,0,4,0.027972027972027972,1,0.006993006993006993
CAF,ETC,193,10,10,P02,0.05181347150259067,0.05181347150259067,4,0.027972027972027972,74,0.5174825174825175
CAF,TAM,153,7,6,P02,0.0457516339869281,0.0392156862745098,4,0.027972027972027972,12,0.08391608391608392
CAF,TIL,109,3,0,P02,0.027522935779816515,0,4,0.027972027972027972,43,0.3006993006993007
DC,CAF,80,7,1,P02,0.0875,0.0125,9,0.06293706293706294,4,0.027972027972027972
DC,DC,193,8,12,P02,0.04145077720207254,0.06217616580310881,9,0.06293706293706294,9,0.06293706293706294
DC,EMT,8,0,0,P02,0,0,9,0.06293706293706294,1,0.006993006993006993
DC,ETC,263,16,12,P02,0.060836501901140684,0.045627376425855515,9,0.06293706293706294,74,0.5174825174825175
DC,TAM,196,8,9,P02,0.04081632653061224,0.04591836734693878,9,0.06293706293706294,12,0.08391608391608392
DC,TIL,144,3,5,P02,0.020833333333333332,0.034722222222222224,9,0.06293706293706294,43,0.3006993006993007
EMT,CAF,16,0,0,P02,0,0,1,0.006993006993006993,4,0.027972027972027972
EMT,DC,43,0,0,P02,0,0,1,0.006993006993006993,9,0.06293706293706294
EMT,EMT,2,0,0,P02,0,0,1,0.006993006993006993,1,0.006993006993006993
EMT,ETC,56,0,1,P02,0,0.017857142857142856,1,0.006993006993006993,74,0.5174825174825175
EMT,TAM,45,0,0,P02,0,0,1,0.006993006993006993,12,0.08391608391608392
EMT,TIL,40,0,0,P02,0,0,1,0.006993006993006993,43,0.3006993006993007
ETC,CAF,165,12,5,P02,0.07272727272727272,0.030303030303030304,74,0.5174825174825175,4,0.027972027972027972
ETC,DC,332,16,23,P02,0.04819277108433735,0.06927710843373494,74,0.5174825174825175,9,0.06293706293706294
ETC,EMT,13,1,0,P02,0.07692307692307693,0,74,0.5174825174825175,1,0.006993006993006993
ETC,ETC,544,26,29,P02,0.04779411764705882,0.05330882352941176,74,0.5174825174825175,74,0.5174825174825175
ETC,TAM,362,15,12,P02,0.04143646408839779,0.03314917127071823,74,0.5174825174825175,12,0.08391608391608392
ETC,TIL,297,9,6,P02,0.030303030303030304,0.020202020202020204,74,0.5174825174825175,43,0.3006993006993007
TAM,CAF,109,10,2,P02,0.09174311926605505,0.01834862385321101,12,0.08391608391608392,4,0.027972027972027972
TAM,DC,242,10,14,P02,0.04132231404958678,0.05785123966942149,12,0.08391608391608392,9,0.06293706293706294
TAM,EMT,9,1,0,P02,0.1111111111111111,0,12,0.08391608391608392,1,0.006993006993006993
TAM,ETC,335,18,15,P02,0.05373134328358209,0.04477611940298507,12,0.08391608391608392,74,0.5174825174825175
TAM,TAM,255,11,12,P02,0.043137254901960784,0.047058823529411764,12,0.08391608391608392,12,0.08391608391608392
TAM,TIL,207,6,9,P02,0.028985507246376812,0.043478260869565216,12,0.08391608391608392,43,0.3006993006993007
TIL,CAF,64,4,1,P02,0.0625,0.015625,43,0.3006993006993007,4,0.027972027972027972
TIL,DC,175,5,12,P02,0.02857142857142857,0.06857142857142857,43,0.3006993006993007,9,0.06293706293706294
TIL,EMT,8,0,0,P02,0,0,43,0.3006993006993007,1,0.006993006993006993
TIL,ETC,235,8,13,P02,0.03404255319148936,0.05531914893617021,43,0.3006993006993007,74,0.5174825174825175
TIL,TAM,179,5,10,P02,0.027932960893854747,0.055865921787709494,43,0.3006993006993007,12,0.08391608391608392
TIL,TIL,164,2,7,P02,0.012195121951219513,0.042682926829268296,43,0.3006993006993007,43,0.3006993006993007
CAF,CAF,827,32,45,P03,0.03869407496977025,0.05441354292623942,89,0.10722891566265061,89,0.10722891566265061
CAF,DC,111,2,3,P03,0.018018018018018018,0.02702702702702703,89,0.10722891566265061,1,0.0012048192771084338
CAF,EMT,1022,38,56,P03,0.03718199608610567,0.0547945205479452,89,0.10722891566265061,681,0.8204819277108434
CAF,Endo,809,31,40,P03,0.038318912237330034,0.049443757725587144,89,0.10722891566265061,31,0.03734939759036145
CAF,ETC,503,26,16,P03,0.05168986083499006,0.03180914512922465,89,0.10722891566265061,14,0.016867469879518072
CAF,TAM,600,33,27,P03,0.055,0.045,89,0.10722891566265061,13,0.01566265060240964
CAF,TIL,198,17,7,P03,0.08585858585858586,0.03535353535353535,89,0.10722891566265061,1,0.0012048192771084338
DC,CAF,122,7,5,P03,0.05737704918032787,0.040983606557377046,1,0.0012048192771084338,89,0.10722891566265061
DC,DC,25,2,0,P03,0.08,0,1,0.0012048192771084338,1,0.0012048192771084338
DC,EMT,173,10,11,P03,0.057803468208092484,0.06358381502890173,1,0.0012048192771084338,681,0.8204819277108434
DC,Endo,120,7,4,P03,0.058333333333333334,0.03333333333333333,1,0.0012048192771084338,31,0.03734939759036145
DC,ETC,82,6,1,P03,0.07317073170731707,0.012195121951219513,1,0.0012048192771084338,14,0.016867469879518072
DC,TAM,114,10,7,P03,0.08771929824561403,0.06140350877192982,1,0.0012048192771084338,13,0.01566265060240964
DC,TIL,27,2,0,P03,0.07407407407407407,0,1,0.0012048192771084338,1,0.0012048192771084338
EMT,CAF,1016,38,61,P03,0.03740157480314961,0.060039370078740155,681,0.8204819277108434,89,0.10722891566265061
EMT,DC,137,2,4,P03,0.014598540145985401,0.029197080291970802,681,0.8204819277108434,1,0.0012048192771084338
EMT,EMT,1276,49,74,P03,0.0384012539184953,0.05799373040752351,681,0.8204819277108434,681,0.8204819277108434
EMT,Endo,992,38,53,P03,0.038306451612903226,0.05342741935483871,681,0.8204819277108434,31,0.03734939759036145
EMT,ETC,614,28,24,P03,0.04560260586319218,0.03908794788273615,681,0.8204819277108434,14,0.016867469879518072
EMT,TAM,725,34,31,P03,0.04689655172413793,0.04275862068965517,681,0.8204819277108434,13,0.01566265060240964
EMT,TIL,211,18,7,P03,0.08530805687203792,0.03317535545023697,681,0.8204819277108434,1,0.0012048192771084338
Endo,CAF,730,31,39,P03,0.04246575342465753,0.05342465753424658,31,0.03734939759036145,89,0.10722891566265061
Endo,DC,103,2,2,P03,0.019417475728155338,0.019417475728155338,31,0.03734939759036145,1,0.0012048192771084338
Endo,EMT,893,37,43,P03,0.04143337066069429,0.048152295632698766,31,0.03734939759036145,681,0.8204819277108434
Endo,Endo,717,30,34,P03,0.04184100418410042,0.04741980474198047,31,0.03734939759036145,31,0.03734939759036145
Endo,ETC,434,23,13,P03,0.052995391705069124,0.029953917050691243,31,0.03734939759036145,14,0.016867469879518072
Endo,TAM,545,30,23,P03,0.05504587155963303,0.04220183486238532,31,0.03734939759036145,13,0.01566265060240964
Endo,TIL,178,15,5,P03,0.08426966292134831,0.028089887640449437,31,0.03734939759036145,1,0.0012048192771084338
ETC,CAF,515,28,23,P03,0.05436893203883495,0.04466019417475728,14,0.016867469879518072,89,0.10722891566265061
ETC,DC,85,2,0,P03,0.023529411764705882,0,14,0.016867469879518072,1,0.0012048192771084338
ETC,EMT,657,36,29,P03,0.0547945205479452,0.0441400304414003,14,0.016867469879518072,681,0.8204819277108434
ETC,Endo,515,30,21,P03,0.05825242718446602,0.040776699029126215,14,0.016867469879518072,31,0.03734939759036145
ETC,ETC,327,22,9,P03,0.0672782874617737,0.027522935779816515,14,0.016867469879518072,14,0.016867469879518072
ETC,TAM,409,28,16,P03,0.06845965770171149,0.039119804400977995,14,0.016867469879518072,13,0.01566265060240964
ETC,TIL,129,15,3,P03,0.11627906976744186,0.023255813953488372,14,0.016867469879518072,1,0.0012048192771084338
TAM,CAF,500,27,24,P03,0.054,0.048,13,0.01566265060240964,89,0.10722891566265061
TAM,DC,87,2,2,P03,0.022988505747126436,0.022988505747126436,13,0.01566265060240964,1,0.0012048192771084338
TAM,EMT,648,31,31,P03,0.047839506172839504,0.047839506172839504,13,0.01566265060240964,681,0.8204819277108434
TAM,Endo,496,27,23,P03,0.05443548387096774,0.046370967741935484,13,0.01566265060240964,31,0.03734939759036145
TAM,ETC,307,20,10,P03,0.06514657980456026,0.03257328990228013,13,0.01566265060240964,14,0.016867469879518072
TAM,TAM,429,27,17,P03,0.06293706293706294,0.039627039627039624,13,0.01566265060240964,13,0.01566265060240964
TAM,TIL,131,14,4,P03,0.10687022900763359,0.030534351145038167,13,0.01566265060240964,1,0.0012048192771084338
TIL,CAF,163,13,8,P03,0.07975460122699386,0.049079754601226995,1,0.0012048192771084338,89,0.10722891566265061
TIL,DC,28,2,0,P03,0.07142857142857142,0,1,0.0012048192771084338,1,0.0012048192771084338
TIL,EMT,208,17,10,P03,0.08173076923076923,0.04807692307692308,1,0.0012048192771084338,681,0.8204819277108434
TIL,Endo,163,13,7,P03,0.07975460122699386,0.04294478527607362,1,0.0012048192771084338,31,0.03734939759036145
TIL,ETC,107,11,1,P03,0.102803738317757,0.009345794392523364,1,0.0012048192771084338,14,0.016867469879518072
TIL,TAM,147,16,8,P03,0.10884353741496598,0.05442176870748299,1,0.0012048192771084338,13,0.01566265060240964
TIL,TIL,55,8,0,P03,0.14545454545454545,0,1,0.0012048192771084338,1,0.0012048192771084338
CAF,CAF,532,23,30,P04,0.043233082706766915,0.05639097744360902,71,0.24567474048442905,71,0.24567474048442905
CAF,EMT,226,18,2,P04,0.07964601769911504,0.008849557522123894,71,0.24567474048442905,8,0.02768166089965398
CAF,ETC,636,21,33,P04,0.0330188679245283,0.05188679245283019,71,0.24567474048442905,210,0.726643598615917
EMT,CAF,242,20,7,P04,0.08264462809917356,0.028925619834710745,8,0.02768166089965398,71,0.24567474048442905
EMT,EMT,117,15,0,P04,0.1282051282051282,0,8,0.02768166089965398,8,0.02768166089965398
EMT,ETC,280,19,10,P04,0.06785714285714285,0.03571428571428571,8,0.02768166089965398,210,0.726643598615917
ETC,CAF,587,30,25,P04,0.05110732538330494,0.04258943781942078,210,0.726643598615917,71,0.24567474048442905
ETC,EMT,250,22,2,P04,0.088,0.008,210,0.726643598615917,8,0.02768166089965398
ETC,ETC,705,30,31,P04,0.0425531914893617,0.04397163120567376,210,0.726643598615917,210,0.726643598615917
CAF,CAF,1285,38,69,P05,0.029571984435797664,0.053696498054474705,602,0.6833144154370034,602,0.6833144154370034
CAF,DC,587,16,13,P05,0.027257240204429302,0.022146507666098807,602,0.6833144154370034,16,0.018161180476730987
CAF,Endo,708,29,28,P05,0.04096045197740113,0.03954802259887006,602,0.6833144154370034,20,0.022701475595913734
CAF,ETC,1009,34,49,P05,0.03369672943508424,0.048562933597621406,602,0.6833144154370034,156,0.17707150964812712
CAF,TAM,869,21,37,P05,0.024165707710011506,0.04257767548906789,602,0.6833144154370034,71,0.08059023836549375
CAF,TIL,336,9,22,P05,0.026785714285714284,0.06547619047619048,602,0.6833144154370034,16,0.018161180476730987
DC,CAF,567,20,19,P05,0.03527336860670194,0.03350970017636684,16,0.018161180476730987,602,0.6833144154370034
DC,DC,292,12,4,P05,0.0410958904109589,0.0136986301369863,16,0.018161180476730987,16,0.018161180476730987
DC,Endo,337,17,7,P05,0.050445103857566766,0.020771513353115726,16,0.018161180476730987,20,0.022701475595913734
DC,ETC,439,17,16,P05,0.0387243735763098,0.03644646924829157,16,0.018161180476730987,156,0.17707150964812712
DC,TAM,424,13,12,P05,0.030660377358490566,0.02830188679245283,16,0.018161180476730987,71,0.08059023836549375
DC,TIL,184,6,13,P05,0.03260869565217391,0.07065217391304347,16,0.018161180476730987,16,0.018161180476730987
Endo,CAF,721,24,32,P05,0.033287101248266296,0.044382801664355064,20,0.022701475595913734,602,0.6833144154370034
Endo,DC,375,13,4,P05,0.034666666666666665,0.010666666666666666,20,0.022701475595913734,16,0.018161180476730987
Endo,Endo,437,22,11,P05,0.05034324942791762,0.02517162471395881,20,0.022701475595913734,20,0.022701475595913734
Endo,ETC,566,20,24,P05,0.0353356890459364,0.04240282685512368,20,0.022701475595913734,156,0.17707150964812712
Endo,TAM,534,15,17,P05,0.028089887640449437,0.031835205992509365,20,0.022701475595913734,71,0.08059023836549375
Endo,TIL,211,7,16,P05,0.03317535545023697,0.07582938388625593,20,0.022701475595913734,16,0.018161180476730987
ETC,CAF,1036,35,46,P05,0.033783783783783786,0.0444015444015444,156,0.17707150964812712,602,0.6833144154370034
ETC,DC,493,15,7,P05,0.030425963488843813,0.014198782961460446,156,0.17707150964812712,16,0.018161180476730987
ETC,Endo,596,27,17,P05,0.04530201342281879,0.028523489932885907,156,0.17707150964812712,20,0.022701475595913734
ETC,ETC,822,29,37,P05,0.03527980535279805,0.045012165450121655,156,0.17707150964812712,156,0.17707150964812712
ETC,TAM,721,19,29,P05,0.026352288488210817,0.04022191400832178,156,0.17707150964812712,71,0.08059023836549375
ETC,TIL,287,9,18,P05,0.0313588850174216,0.0627177700348432,156,0.17707150964812712,16,0.018161180476730987
TAM,CAF,828,24,34,P05,0.028985507246376812,0.04106280193236715,71,0.08059023836549375,602,0.6833144154370034
TAM,DC,424,14,6,P05,0.0330188679245283,0.014150943396226415,71,0.08059023836549375,16,0.018161180476730987
TAM,Endo,476,22,11,P05,0.046218487394957986,0.023109243697478993,71,0.08059023836549375,20,0.022701475595913734
TAM,ETC,663,21,30,P05,0.03167420814479638,0.04524886877828054,71,0.08059023836549375,156,0.17707150964812712
TAM,TAM,625,17,26,P05,0.0272,0.0416,71,0.08059023836549375,71,0.08059023836549375
TAM,TIL,254,7,18,P05,0.027559055118110236,0.07086614173228346,71,0.08059023836549375,16,0.018161180476730987
TIL,CAF,395,12,15,P05,0.030379746835443037,0.0379746835443038,16,0.018161180476730987,602,0.6833144154370034
TIL,DC,204,6,5,P05,0.029411764705882353,0.024509803921568627,16,0.018161180476730987,16,0.018161180476730987
TIL,Endo,225,10,7,P05,0.044444444444444446,0.03111111111111111,16,0.018161180476730987,20,0.022701475595913734
TIL,ETC,306,8,15,P05,0.026143790849673203,0.049019607843137254,16,0.018161180476730987,156,0.17707150964812712
TIL,TAM,309,7,12,P05,0.022653721682847898,0.038834951456310676,16,0.018161180476730987,71,0.08059023836549375
TIL,TIL,133,2,9,P05,0.015037593984962405,0.06766917293233082,16,0.018161180476730987,16,0.018161180476730987
CAF,CAF,1321,42,76,P06,0.03179409538228615,0.05753217259651779,256,0.33376792698826596,256,0.33376792698826596
CAF,DC,908,31,47,P06,0.034140969162995596,0.051762114537444934,256,0.33376792698826596,29,0.03780964797913951
CAF,Endo,1014,30,64,P06,0.029585798816568046,0.0631163708086785,256,0.33376792698826596,24,0.03129074315514994
CAF,ETC,1288,38,76,P06,0.029503105590062112,0.059006211180124224,256,0.33376792698826596,423,0.5514993481095176
CAF,TAM,841,22,35,P06,0.026159334126040427,0.041617122473246136,256,0.33376792698826596,32,0.041720990873533245
CAF,TIL,162,0,8,P06,0,0.04938271604938271,256,0.33376792698826596,3,0.003911342894393742
DC,CAF,775,34,27,P06,0.04387096774193548,0.03483870967741935,29,0.03780964797913951,256,0.33376792698826596
DC,DC,587,26,22,P06,0.044293015332197615,0.03747870528109029,29,0.03780964797913951,29,0.03780964797913951
DC,Endo,585,24,22,P06,0.041025641025641026,0.037606837606837605,29,0.03780964797913951,24,0.03129074315514994
DC,ETC,760,29,31,P06,0.038157894736842106,0.04078947368421053,29,0.03780964797913951,423,0.5514993481095176
DC,TAM,534,18,19,P06,0.033707865168539325,0.035580524344569285,29,0.03780964797913951,32,0.041720990873533245
DC,TIL,121,0,6,P06,0,0.049586776859504134,29,0.03780964797913951,3,0.003911342894393742
Endo,CAF,994,31,54,P06,0.03118712273641851,0.05432595573440644,24,0.03129074315514994,256,0.33376792698826596
Endo,DC,695,27,34,P06,0.03884892086330935,0.04892086330935252,24,0.03129074315514994,29,0.03780964797913951
Endo,Endo,768,25,45,P06,0.032552083333333336,0.05859375,24,0.03129074315514994,24,0.03129074315514994
Endo,ETC,966,28,56,P06,0.028985507246376812,0.057971014492753624,24,0.03129074315514994,423,0.5514993481095176
Endo,TAM,661,20,27,P06,0.030257186081694403,0.04084720121028744,24,0.03129074315514994,32,0.041720990873533245
Endo,TIL,123,0,6,P06,0,0.04878048780487805,24,0.03129074315514994,3,0.003911342894393742
ETC,CAF,1253,50,71,P06,0.03990422984836393,0.05666400638467677,423,0.5514993481095176,256,0.33376792698826596
ETC,DC,878,35,48,P06,0.03986332574031891,0.05466970387243736,423,0.5514993481095176,29,0.03780964797913951
ETC,Endo,964,34,59,P06,0.035269709543568464,0.061203319502074686,423,0.5514993481095176,24,0.03129074315514994
ETC,ETC,1241,44,74,P06,0.035455278001611606,0.05962933118452861,423,0.5514993481095176,423,0.5514993481095176
ETC,TAM,814,25,37,P06,0.030712530712530713,0.045454545454545456,423,0.5514993481095176,32,0.041720990873533245
ETC,TIL,160,0,8,P06,0,0.05,423,0.5514993481095176,3,0.003911342894393742
TAM,CAF,782,31,31,P06,0.03964194373401535,0.03964194373401535,32,0.041720990873533245,256,0.33376792698826596
TAM,DC,606,26,25,P06,0.0429042904290429,0.041254125412541254,32,0.041720990873533245,29,0.03780964797913951
TAM,Endo,588,23,27,P06,0.0391156462585034,0.04591836734693878,32,0.041720990873533245,24,0.03129074315514994
TAM,ETC,765,28,33,P06,0.036601307189542485,0.043137254901960784,32,0.041720990873533245,423,0.5514993481095176
TAM,TAM,559,19,24,P06,0.03398926654740608,0.04293381037567084,32,0.041720990873533245,32,0.041720990873533245
TAM,TIL,119,0,6,P06,0,0.05042016806722689,32,0.041720990873533245,3,0.003911342894393742
TIL,CAF,200,8,12,P06,0.04,0.06,3,0.003911342894393742,256,0.33376792698826596
TIL,DC,165,6,11,P06,0.03636363636363636,0.06666666666666667,3,0.003911342894393742,29,0.03780964797913951
TIL,Endo,153,5,10,P06,0.032679738562091505,0.06535947712418301,3,0.003911342894393742,24,0.03129074315514994
TIL,ETC,205,8,14,P06,0.03902439024390244,0.06829268292682927,3,0.003911342894393742,423,0.5514993481095176
TIL,TAM,153,5,9,P06,0.032679738562091505,0.058823529411764705,3,0.003911342894393742,32,0.041720990873533245
TIL,TIL,36,0,2,P06,0,0.05555555555555555,3,0.003911342894393742,3,0.003911342894393742
CAF,CAF,1123,37,62,P07,0.03294746215494212,0.05520926090828139,152,0.1412639405204461,152,0.1412639405204461
CAF,DC,811,26,35,P07,0.032059186189889025,0.04315659679408138,152,0.1412639405204461,48,0.04460966542750929
CAF,Endo,635,21,30,P07,0.03307086614173228,0.047244094488188976,152,0.1412639405204461,11,0.010223048327137546
CAF,ETC,1143,37,50,P07,0.03237095363079615,0.04374453193350831,152,0.1412639405204461,189,0.17565055762081785
CAF,TAM,1175,40,56,P07,0.03404255319148936,0.04765957446808511,152,0.1412639405204461,578,0.5371747211895911
CAF,TIL,834,25,36,P07,0.02997601918465228,0.04316546762589928,152,0.1412639405204461,98,0.09107806691449814
DC,CAF,755,24,27,P07,0.031788079470198675,0.03576158940397351,48,0.04460966542750929,152,0.1412639405204461
DC,DC,596,20,19,P07,0.03355704697986577,0.031879194630872486,48,0.04460966542750929,48,0.04460966542750929
DC,Endo,449,16,17,P07,0.035634743875278395,0.0378619153674833,48,0.04460966542750929,11,0.010223048327137546
DC,ETC,787,25,27,P07,0.03176620076238882,0.03430749682337993,48,0.04460966542750929,189,0.17565055762081785
DC,TAM,821,28,27,P07,0.0341047503045067,0.03288672350791717,48,0.04460966542750929,578,0.5371747211895911
DC,TIL,605,19,22,P07,0.03140495867768595,0.03636363636363636,48,0.04460966542750929,98,0.09107806691449814
Endo,CAF,646,19,24,P07,0.029411764705882353,0.03715170278637771,11,0.010223048327137546,152,0.1412639405204461
Endo,DC,493,19,17,P07,0.038539553752535496,0.034482758620689655,11,0.010223048327137546,48,0.04460966542750929
Endo,Endo,408,15,15,P07,0.03676470588235294,0.03676470588235294,11,0.010223048327137546,11,0.010223048327137546
Endo,ETC,675,22,21,P07,0.03259259259259259,0.03111111111111111,11,0.010223048327137546,189,0.17565055762081785
Endo,TAM,698,25,21,P07,0.03581661891117478,0.03008595988538682,11,0.010223048327137546,578,0.5371747211895911
Endo,TIL,509,18,17,P07,0.03536345776031434,0.03339882121807466,11,0.010223048327137546,98,0.09107806691449814
ETC,CAF,1158,38,64,P07,0.03281519861830743,0.055267702936096716,189,0.17565055762081785,152,0.1412639405204461
ETC,DC,863,29,38,P07,0.03360370799536501,0.0440324449594438,189,0.17565055762081785,48,0.04460966542750929
ETC,Endo,670,23,28,P07,0.034328358208955224,0.041791044776119404,189,0.17565055762081785,11,0.010223048327137546
ETC,ETC,1188,41,59,P07,0.034511784511784514,0.049663299663299666,189,0.17565055762081785,189,0.17565055762081785
ETC,TAM,1223,43,57,P07,0.03515944399018806,0.04660670482420278,189,0.17565055762081785,578,0.5371747211895911
ETC,TIL,886,27,33,P07,0.030474040632054177,0.03724604966139955,189,0.17565055762081785,98,0.09107806691449814
TAM,CAF,1131,32,59,P07,0.028293545534924844,0.052166224580017684,578,0.5371747211895911,152,0.1412639405204461
TAM,DC,853,25,34,P07,0.029308323563892145,0.03985932004689332,578,0.5371747211895911,48,0.04460966542750929
TAM,Endo,648,19,29,P07,0.029320987654320986,0.044753086419753084,578,0.5371747211895911,11,0.010223048327137546
TAM,ETC,1166,34,51,P07,0.029159519725557463,0.04373927958833619,578,0.5371747211895911,189,0.17565055762081785
TAM,TAM,1201,37,55,P07,0.030807660283097418,0.04579517069109076,578,0.5371747211895911,578,0.5371747211895911
TAM,TIL,871,22,33,P07,0.02525832376578645,0.03788748564867968,578,0.5371747211895911,98,0.09107806691449814
TIL,CAF,812,27,36,P07,0.0332512315270936,0.04433497536945813,98,0.09107806691449814,152,0.1412639405204461
TIL,DC,639,21,24,P07,0.03286384976525822,0.03755868544600939,98,0.09107806691449814,48,0.04460966542750929
TIL,Endo,478,18,18,P07,0.03765690376569038,0.03765690376569038,98,0.09107806691449814,11,0.010223048327137546
TIL,ETC,839,26,35,P07,0.03098927294398093,0.041716328963051254,98,0.09107806691449814,189,0.17565055762081785
TIL,TAM,878,31,37,P07,0.03530751708428246,0.04214123006833713,98,0.09107806691449814,578,0.5371747211895911
TIL,TIL,649,19,26,P07,0.029275808936825885,0.040061633281972264,98,0.09107806691449814,98,0.09107806691449814
CAF,CAF,1142,35,67,P08,0.03064798598949212,0.05866900175131348,163,0.1431079894644425,163,0.1431079894644425
CAF,DC,795,31,33,P08,0.0389937106918239,0.04150943396226415,163,0.1431079894644425,39,0.03424056189640035
CAF,Endo,856,31,51,P08,0.036214953271028034,0.05957943925233645,163,0.1431079894644425,14,0.012291483757682178
CAF,ETC,1278,40,77,P08,0.03129890453834116,0.06025039123630673,163,0.1431079894644425,843,0.7401229148375769
CAF,TAM,866,29,33,P08,0.03348729792147806,0.03810623556581986,163,0.1431079894644425,76,0.06672519754170325
CAF,TIL,240,11,8,P08,0.04583333333333333,0.03333333333333333,163,0.1431079894644425,4,0.003511852502194908
DC,CAF,700,26,32,P08,0.037142857142857144,0.045714285714285714,39,0.03424056189640035,163,0.1431079894644425
DC,DC,552,24,22,P08,0.043478260869565216,0.03985507246376811,39,0.03424056189640035,39,0.03424056189640035
DC,Endo,530,23,27,P08,0.04339622641509434,0.0509433962264151,39,0.03424056189640035,14,0.012291483757682178
DC,ETC,798,28,42,P08,0.03508771929824561,0.05263157894736842,39,0.03424056189640035,843,0.7401229148375769
DC,TAM,591,21,22,P08,0.03553299492385787,0.03722504230118443,39,0.03424056189640035,76,0.06672519754170325
DC,TIL,195,8,5,P08,0.041025641025641026,0.02564102564102564,39,0.03424056189640035,4,0.003511852502194908
Endo,CAF,738,28,32,P08,0.037940379403794036,0.04336043360433604,14,0.012291483757682178,163,0.1431079894644425
Endo,DC,542,23,21,P08,0.042435424354243544,0.03874538745387454,14,0.012291483757682178,39,0.03424056189640035
Endo,Endo,588,24,31,P08,0.04081632653061224,0.05272108843537415,14,0.012291483757682178,14,0.012291483757682178
Endo,ETC,815,31,41,P08,0.03803680981595092,0.05030674846625767,14,0.012291483757682178,843,0.7401229148375769
Endo,TAM,602,24,22,P08,0.03986710963455149,0.036544850498338874,14,0.012291483757682178,76,0.06672519754170325
Endo,TIL,167,9,3,P08,0.05389221556886228,0.017964071856287425,14,0.012291483757682178,4,0.003511852502194908
ETC,CAF,1227,41,75,P08,0.03341483292583537,0.061124694376528114,843,0.7401229148375769,163,0.1431079894644425
ETC,DC,873,32,38,P08,0.03665521191294387,0.043528064146620846,843,0.7401229148375769,39,0.03424056189640035
ETC,Endo,918,34,58,P08,0.037037037037037035,0.06318082788671024,843,0.7401229148375769,14,0.012291483757682178
ETC,ETC,1404,47,89,P08,0.03347578347578348,0.0633903133903134,843,0.7401229148375769,843,0.7401229148375769
ETC,TAM,945,31,41,P08,0.0328042328042328,0.04338624338624339,843,0.7401229148375769,76,0.06672519754170325
ETC,TIL,268,11,8,P08,0.041044776119402986,0.029850746268656716,843,0.7401229148375769,4,0.003511852502194908
TAM,CAF,762,27,23,P08,0.03543307086614173,0.030183727034120734,76,0.06672519754170325,163,0.1431079894644425
TAM,DC,632,25,18,P08,0.03955696202531646,0.028481012658227847,76,0.06672519754170325,39,0.03424056189640035
TAM,Endo,577,24,26,P08,0.0415944540727903,0.045060658578856154,76,0.06672519754170325,14,0.012291483757682178
TAM,ETC,888,29,34,P08,0.03265765765765766,0.038288288288288286,76,0.06672519754170325,843,0.7401229148375769
TAM,TAM,661,22,22,P08,0.03328290468986384,0.03328290468986384,76,0.06672519754170325,76,0.06672519754170325
TAM,TIL,206,8,7,P08,0.038834951456310676,0.03398058252427184,76,0.06672519754170325,4,0.003511852502194908
TIL,CAF,221,10,9,P08,0.04524886877828054,0.04072398190045249,4,0.003511852502194908,163,0.1431079894644425
TIL,DC,202,11,9,P08,0.054455445544554455,0.04455445544554455,4,0.003511852502194908,39,0.03424056189640035
TIL,Endo,171,9,12,P08,0.05263157894736842,0.07017543859649122,4,0.003511852502194908,14,0.012291483757682178
TIL,ETC,271,11,14,P08,0.04059040590405904,0.05166051660516605,4,0.003511852502194908,843,0.7401229148375769
TIL,TAM,217,10,11,P08,0.04608294930875576,0.05069124423963134,4,0.003511852502194908,76,0.06672519754170325
TIL,TIL,79,4,1,P08,0.05063291139240506,0.012658227848101266,4,0.003511852502194908,4,0.003511852502194908
CAF,CAF,1171,35,58,P09,0.029888983774551667,0.04953031596925705,244,0.2717149220489978,244,0.2717149220489978
CAF,DC,597,20,13,P09,0.03350083752093802,0.021775544388609715,244,0.2717149220489978,16,0.017817371937639197
CAF,Endo,879,27,38,P09,0.030716723549488054,0.04323094425483504,244,0.2717149220489978,25,0.02783964365256125
CAF,ETC,1263,41,60,P09,0.03246239113222486,0.047505938242280284,244,0.2717149220489978,332,0.36971046770601335
CAF,TAM,1102,38,49,P09,0.034482758620689655,0.04446460980036298,244,0.2717149220489978,279,0.3106904231625835
CAF,TIL,132,1,5,P09,0.007575757575757576,0.03787878787878788,244,0.2717149220489978,2,0.0022271714922048997
DC,CAF,558,23,17,P09,0.04121863799283154,0.03046594982078853,16,0.017817371937639197,244,0.2717149220489978
DC,DC,305,15,4,P09,0.04918032786885246,0.013114754098360656,16,0.017817371937639197,16,0.017817371937639197
DC,Endo,422,20,12,P09,0.04739336492890995,0.02843601895734597,16,0.017817371937639197,25,0.02783964365256125
DC,ETC,608,25,18,P09,0.04111842105263158,0.029605263157894735,16,0.017817371937639197,332,0.36971046770601335
DC,TAM,541,25,18,P09,0.04621072088724584,0.033271719038817,16,0.017817371937639197,279,0.3106904231625835
DC,TIL,78,1,3,P09,0.01282051282051282,0.038461538461538464,16,0.017817371937639197,2,0.0022271714922048997
Endo,CAF,792,30,36,P09,0.03787878787878788,0.045454545454545456,25,0.02783964365256125,244,0.2717149220489978
Endo,DC,418,19,8,P09,0.045454545454545456,0.019138755980861243,25,0.02783964365256125,16,0.017817371937639197
Endo,Endo,615,27,23,P09,0.04390243902439024,0.03739837398373984,25,0.02783964365256125,25,0.02783964365256125
Endo,ETC,850,32,35,P09,0.03764705882352941,0.041176470588235294,25,0.02783964365256125,332,0.36971046770601335
Endo,TAM,759,34,31,P09,0.04479578392621871,0.04084321475625823,25,0.02783964365256125,279,0.3106904231625835
Endo,TIL,99,1,3,P09,0.010101010101010102,0.030303030303030304,25,0.02783964365256125,2,0.0022271714922048997
ETC,CAF,1201,45,58,P09,0.03746877601998335,0.04829308909242298,332,0.36971046770601335,244,0.2717149220489978
ETC,DC,616,27,11,P09,0.04383116883116883,0.017857142857142856,332,0.36971046770601335,16,0.017817371937639197
ETC,Endo,899,32,37,P09,0.035595105672969966,0.041156840934371525,332,0.36971046770601335,25,0.02783964365256125
ETC,ETC,1297,51,62,P09,0.03932151117964534,0.047802621434078645,332,0.36971046770601335,332,0.36971046770601335
ETC,TAM,1131,45,50,P09,0.03978779840848806,0.04420866489832007,332,0.36971046770601335,279,0.3106904231625835
ETC,TIL,135,3,6,P09,0.022222222222222223,0.044444444444444446,332,0.36971046770601335,2,0.0022271714922048997
TAM,CAF,1004,34,41,P09,0.03386454183266932,0.04083665338645418,279,0.3106904231625835,244,0.2717149220489978
TAM,DC,532,21,10,P09,0.039473684210526314,0.018796992481203006,279,0.3106904231625835,16,0.017817371937639197
TAM,Endo,766,26,27,P09,0.033942558746736295,0.03524804177545692,279,0.3106904231625835,25,0.02783964365256125
TAM,ETC,1097,38,45,P09,0.03463992707383774,0.04102096627164995,279,0.3106904231625835,332,0.36971046770601335
TAM,TAM,970,36,41,P09,0.03711340206185567,0.042268041237113405,279,0.3106904231625835,279,0.3106904231625835
TAM,TIL,121,1,6,P09,0.008264462809917356,0.049586776859504134,279,0.3106904231625835,2,0.0022271714922048997
TIL,CAF,197,9,5,P09,0.04568527918781726,0.025380710659898477,2,0.0022271714922048997,244,0.2717149220489978
TIL,DC,124,7,1,P09,0.056451612903225805,0.008064516129032258,2,0.0022271714922048997,16,0.017817371937639197
TIL,Endo,153,7,4,P09,0.0457516339869281,0.026143790849673203,2,0.0022271714922048997,25,0.02783964365256125
TIL,ETC,218,10,8,P09,0.045871559633027525,0.03669724770642202,2,0.0022271714922048997,332,0.36971046770601335
TIL,TAM,201,11,8,P09,0.05472636815920398,0.03980099502487562,2,0.0022271714922048997,279,0.3106904231625835
TIL,TIL,45,0,1,P09,0,0.022222222222222223,2,0.0022271714922048997,2,0.0022271714922048997
CAF,CAF,950,32,54,P10,0.03368421052631579,0.056842105263157895,137,0.08726114649681528,137,0.08726114649681528
CAF,DC,643,24,25,P10,0.03732503888024884,0.038880248833592534,137,0.08726114649681528,31,0.019745222929936305
CAF,ETC,1130,40,62,P10,0.035398230088495575,0.05486725663716814,137,0.08726114649681528,1336,0.8509554140127389
CAF,TAM,803,28,37,P10,0.034869240348692404,0.0460772104607721,137,0.08726114649681528,65,0.041401273885350316
CAF,TIL,98,7,3,P10,0.07142857142857142,0.030612244897959183,137,0.08726114649681528,1,6.369426751592356e-4
DC,CAF,516,21,17,P10,0.040697674418604654,0.03294573643410853,31,0.019745222929936305,137,0.08726114649681528
DC,DC,408,17,12,P10,0.041666666666666664,0.029411764705882353,31,0.019745222929936305,31,0.019745222929936305
DC,ETC,636,25,24,P10,0.03930817610062893,0.03773584905660377,31,0.019745222929936305,1336,0.8509554140127389
DC,TAM,482,17,16,P10,0.035269709543568464,0.03319502074688797,31,0.019745222929936305,65,0.041401273885350316
DC,TIL,66,5,2,P10,0.07575757575757576,0.030303030303030304,31,0.019745222929936305,1,6.369426751592356e-4
ETC,CAF,1102,36,64,P10,0.032667876588021776,0.05807622504537205,1336,0.8509554140127389,137,0.08726114649681528
ETC,DC,745,27,29,P10,0.036241610738255034,0.038926174496644296,1336,0.8509554140127389,31,0.019745222929936305
ETC,ETC,1324,44,74,P10,0.03323262839879154,0.055891238670694864,1336,0.8509554140127389,1336,0.8509554140127389
ETC,TAM,929,30,42,P10,0.03229278794402583,0.04520990312163617,1336,0.8509554140127389,65,0.041401273885350316
ETC,TIL,104,8,3,P10,0.07692307692307693,0.028846153846153848,1336,0.8509554140127389,1,6.369426751592356e-4
TAM,CAF,694,29,26,P10,0.04178674351585014,0.037463976945244955,65,0.041401273885350316,137,0.08726114649681528
TAM,DC,514,23,17,P10,0.04474708171206226,0.033073929961089495,65,0.041401273885350316,31,0.019745222929936305
TAM,ETC,849,37,34,P10,0.043580683156654886,0.04004711425206125,65,0.041401273885350316,1336,0.8509554140127389
TAM,TAM,623,24,24,P10,0.038523274478330656,0.038523274478330656,65,0.041401273885350316,65,0.041401273885350316
TAM,TIL,81,6,3,P10,0.07407407407407407,0.037037037037037035,65,0.041401273885350316,1,6.369426751592356e-4
TIL,CAF,101,6,0,P10,0.0594059405940594,0,1,6.369426751592356e-4,137,0.08726114649681528
TIL,DC,90,6,0,P10,0.06666666666666667,0,1,6.369426751592356e-4,31,0.019745222929936305
TIL,ETC,138,8,0,P10,0.057971014492753624,0,1,6.369426751592356e-4,1336,0.8509554140127389
TIL,TAM,106,6,0,P10,0.05660377358490566,0,1,6.369426751592356e-4,65,0.041401273885350316
TIL,TIL,13,2,0,P10,0.15384615384615385,0,1,6.369426751592356e-4,1,6.369426751592356e-4
